{"cameraMode":{"drawMode":0,"name":"Shaded","section":"Shading Mode"},"sceneLighting":false,"audioPlay":false,"sceneViewState":{"showFog":true,"showMaterialUpdate":false,"showSkybox":false,"showFlares":true,"showImageEffects":true,"showParticleSystems":true},"in2DMode":false,"pivot":{"x":5.190120220184326,"y":17.055540084838868,"z":-29.004148483276368},"rotation":{"x":0.24089105427265168,"y":-0.48823103308677676,"z":0.1422378420829773,"w":0.8268054723739624},"size":0.6875011920928955,"orthographic":true}