{"cameraMode":{"drawMode":0,"name":"Shaded","section":"Shading Mode"},"sceneLighting":true,"audioPlay":false,"sceneViewState":{"showFog":true,"showMaterialUpdate":false,"showSkybox":true,"showFlares":true,"showImageEffects":true,"showParticleSystems":true},"in2DMode":false,"pivot":{"x":4.925567150115967,"y":0.4301481246948242,"z":-4.926778793334961},"rotation":{"x":0.30352166295051577,"y":-0.38532787561416628,"z":0.13587239384651185,"w":0.8607809543609619},"size":11.13479232788086,"orthographic":false}