{"cameraMode":{"drawMode":0,"name":"Shaded","section":"Shading Mode"},"sceneLighting":false,"audioPlay":false,"sceneViewState":{"showFog":true,"showMaterialUpdate":false,"showSkybox":false,"showFlares":true,"showImageEffects":true,"showParticleSystems":true},"in2DMode":false,"pivot":{"x":3.3276023864746095,"y":-0.03758692741394043,"z":-8.310928344726563},"rotation":{"x":0.20950226485729218,"y":-0.44109025597572329,"z":0.10668093711137772,"w":0.8661717772483826},"size":2.8488245010375978,"orthographic":false}