{"cameraMode":{"drawMode":0,"name":"Shaded","section":"Shading Mode"},"sceneLighting":false,"audioPlay":false,"sceneViewState":{"showFog":true,"showMaterialUpdate":false,"showSkybox":false,"showFlares":true,"showImageEffects":true,"showParticleSystems":true},"in2DMode":false,"pivot":{"x":-0.241574227809906,"y":-0.20913052558898927,"z":-0.46000000834465029},"rotation":{"x":0.5044034719467163,"y":0.023306606337428094,"z":-0.013624992221593857,"w":0.8630581498146057},"size":0.9194901585578919,"orthographic":false}