{"cameraMode":{"drawMode":0,"name":"Shaded","section":"Shading Mode"},"sceneLighting":true,"audioPlay":false,"sceneViewState":{"showFog":true,"showMaterialUpdate":false,"showSkybox":true,"showFlares":true,"showImageEffects":true,"showParticleSystems":true},"in2DMode":false,"pivot":{"x":5.413520812988281,"y":1.05360746383667,"z":-10.491395950317383},"rotation":{"x":0.40681466460227969,"y":-0.08476097136735916,"z":0.037943240255117419,"w":0.9087778925895691},"size":3.637169361114502,"orthographic":false}